id,score
e43b0d4dc42f55bf5def4b6155856d9494fb7626d43bbaef4542b007a4cf5956,0.0006482321
c17d52961284a02589e5bb684caa38868191fdb64d47117f5e481e8800249b9d,0.0002030892
dcf26d76f6d77651fc1e85d0be5dd835f0871cb72a9b0375a532405e38802cdf,0.001065341
